name,ecosystem,category,expected
cbor2,pypi,popular,SAFE
propcache,pypi,popular,SAFE
pygments,pypi,popular,SAFE
xlrd,pypi,popular,SAFE
sortedcontainers,pypi,popular,SAFE
exceptiongroup,pypi,popular,SAFE
editables,pypi,popular,SAFE
pillow,pypi,popular,SAFE
onnxruntime,pypi,popular,SAFE
yarl,pypi,popular,SAFE
uc-micro-py,pypi,popular,SAFE
caio,pypi,popular,SAFE
azure-storage-blob,pypi,popular,SAFE
pyjwt,pypi,popular,SAFE
vcs-versioning,pypi,popular,SAFE
blinker,pypi,popular,SAFE
six,pypi,popular,SAFE
python-dateutil,pypi,popular,SAFE
litellm,pypi,popular,SAFE
psutil,pypi,popular,SAFE
openpyxl,pypi,popular,SAFE
execnet,pypi,popular,SAFE
google-cloud-kms,pypi,popular,SAFE
pyyaml,pypi,popular,SAFE
cython,pypi,popular,SAFE
jiter,pypi,popular,SAFE
text-unidecode,pypi,popular,SAFE
linkify-it-py,pypi,popular,SAFE
mccabe,pypi,popular,SAFE
xxhash,pypi,popular,SAFE
tensorflow-hub,pypi,mid_popularity,SAFE_OR_SUSPICIOUS
looseversion,pypi,mid_popularity,SAFE_OR_SUSPICIOUS
rioxarray,pypi,mid_popularity,SAFE_OR_SUSPICIOUS
lief,pypi,mid_popularity,SAFE_OR_SUSPICIOUS
nemo-toolkit,pypi,mid_popularity,SAFE_OR_SUSPICIOUS
pyapns-client,pypi,mid_popularity,SAFE_OR_SUSPICIOUS
macholib,pypi,mid_popularity,SAFE_OR_SUSPICIOUS
lazrs,pypi,mid_popularity,SAFE_OR_SUSPICIOUS
coola,pypi,mid_popularity,SAFE_OR_SUSPICIOUS
python-lsp-server,pypi,mid_popularity,SAFE_OR_SUSPICIOUS
ecos,pypi,mid_popularity,SAFE_OR_SUSPICIOUS
sanic-routing,pypi,mid_popularity,SAFE_OR_SUSPICIOUS
hyperpyyaml,pypi,mid_popularity,SAFE_OR_SUSPICIOUS
vercel-headers,pypi,mid_popularity,SAFE_OR_SUSPICIOUS
scalar-fastapi,pypi,mid_popularity,SAFE_OR_SUSPICIOUS
reqeusts,pypi,typosquat,BLOCKED
pycpparser,pypi,typosquat,BLOCKED
packagging,pypi,typosquat,BLOCKED
python-multipar,pypi,typosquat,BLOCKED
grpci,pypi,typosquat,BLOCKED
trov-eclassifiers,pypi,typosquat,BLOCKED
botocre,pypi,typosquat,BLOCKED
aiohappyeyebalsl,pypi,typosquat,BLOCKED
ppython-dotenv,pypi,typosquat,BLOCKED
tzzdata,pypi,typosquat,BLOCKED
refernecing,pypi,typosquat,BLOCKED
jonschema-specifications,pypi,typosquat,BLOCKED
charset-onrmalizer,pypi,typosquat,BLOCKED
setptools,pypi,typosquat,BLOCKED
referencinng,pypi,typosquat,BLOCKED
fastapi-auth-helper-pro,pypi,hallucinated,BLOCKED
django-supermodel,pypi,hallucinated,BLOCKED
pydantic-schema-validator-plus,pypi,hallucinated,BLOCKED
requests-async-client,pypi,hallucinated,BLOCKED
numpy-accelerate-gpu,pypi,hallucinated,BLOCKED
sqlalchemy-smart-orm,pypi,hallucinated,BLOCKED
flask-restplus-extended,pypi,hallucinated,BLOCKED
torch-model-utils,pypi,hallucinated,BLOCKED
pandas-ai-agent,pypi,hallucinated,BLOCKED
langchain-vector-store-pro,pypi,hallucinated,BLOCKED
cryptography-fips-adapter,pypi,hallucinated,BLOCKED
pytest-ai-fixtures,pypi,hallucinated,BLOCKED
click-rich-formatter,pypi,hallucinated,BLOCKED
httpx-retry-middleware,pypi,hallucinated,BLOCKED
celery-task-scheduler-pro,pypi,hallucinated,BLOCKED
