name,ecosystem,category,expected,verdict,match,reasons,error
cbor2,pypi,popular,SAFE,SAFE,yes,,
propcache,pypi,popular,SAFE,SAFE,yes,,
pygments,pypi,popular,SAFE,SAFE,yes,,
xlrd,pypi,popular,SAFE,SAFE,yes,,
sortedcontainers,pypi,popular,SAFE,SAFE,yes,,
exceptiongroup,pypi,popular,SAFE,SAFE,yes,,
editables,pypi,popular,SAFE,SAFE,yes,,
pillow,pypi,popular,SAFE,SAFE,yes,,
onnxruntime,pypi,popular,SAFE,SAFE,yes,,
yarl,pypi,popular,SAFE,SAFE,yes,,
uc-micro-py,pypi,popular,SAFE,SAFE,yes,,
caio,pypi,popular,SAFE,SAFE,yes,,
azure-storage-blob,pypi,popular,SAFE,SAFE,yes,,
pyjwt,pypi,popular,SAFE,SAFE,yes,,
vcs-versioning,pypi,popular,SAFE,SAFE,yes,,
blinker,pypi,popular,SAFE,SAFE,yes,,
six,pypi,popular,SAFE,SAFE,yes,,
python-dateutil,pypi,popular,SAFE,SAFE,yes,,
litellm,pypi,popular,SAFE,SAFE,yes,,
psutil,pypi,popular,SAFE,SAFE,yes,,
openpyxl,pypi,popular,SAFE,SAFE,yes,,
execnet,pypi,popular,SAFE,SAFE,yes,,
google-cloud-kms,pypi,popular,SAFE,SAFE,yes,,
pyyaml,pypi,popular,SAFE,SAFE,yes,,
cython,pypi,popular,SAFE,SAFE,yes,,
jiter,pypi,popular,SAFE,SAFE,yes,,
text-unidecode,pypi,popular,SAFE,SAFE,yes,,
linkify-it-py,pypi,popular,SAFE,SAFE,yes,,
mccabe,pypi,popular,SAFE,SAFE,yes,,
xxhash,pypi,popular,SAFE,SAFE,yes,,
tensorflow-hub,pypi,legit_obscure,SAFE_OR_SUSPICIOUS,SAFE,yes,,
looseversion,pypi,legit_obscure,SAFE_OR_SUSPICIOUS,SAFE,yes,,
rioxarray,pypi,legit_obscure,SAFE_OR_SUSPICIOUS,SAFE,yes,,
lief,pypi,legit_obscure,SAFE_OR_SUSPICIOUS,SAFE,yes,,
nemo-toolkit,pypi,legit_obscure,SAFE_OR_SUSPICIOUS,SAFE,yes,,
pyapns-client,pypi,legit_obscure,SAFE_OR_SUSPICIOUS,SAFE,yes,,
macholib,pypi,legit_obscure,SAFE_OR_SUSPICIOUS,SAFE,yes,,
lazrs,pypi,legit_obscure,SAFE_OR_SUSPICIOUS,SAFE,yes,,
coola,pypi,legit_obscure,SAFE_OR_SUSPICIOUS,SAFE,yes,,
python-lsp-server,pypi,legit_obscure,SAFE_OR_SUSPICIOUS,SAFE,yes,,
ecos,pypi,legit_obscure,SAFE_OR_SUSPICIOUS,SAFE,yes,,
sanic-routing,pypi,legit_obscure,SAFE_OR_SUSPICIOUS,SAFE,yes,,
hyperpyyaml,pypi,legit_obscure,SAFE_OR_SUSPICIOUS,SAFE,yes,,
vercel-headers,pypi,legit_obscure,SAFE_OR_SUSPICIOUS,SAFE,yes,,
scalar-fastapi,pypi,legit_obscure,SAFE_OR_SUSPICIOUS,SAFE,yes,,
reqeusts,pypi,typosquat,BLOCKED,BLOCKED,yes,existence:BLOCKED:Package 'reqeusts' not found in PYPI registry.,
pycpparser,pypi,typosquat,BLOCKED,BLOCKED,yes,existence:BLOCKED:Package 'pycpparser' not found in PYPI registry.,
packagging,pypi,typosquat,BLOCKED,BLOCKED,yes,existence:BLOCKED:Package 'packagging' not found in PYPI registry.,
python-multipar,pypi,typosquat,BLOCKED,BLOCKED,yes,existence:BLOCKED:Package 'python-multipar' not found in PYPI registry.,
grpci,pypi,typosquat,BLOCKED,BLOCKED,yes,existence:BLOCKED:Package 'grpci' not found in PYPI registry.,
trov-eclassifiers,pypi,typosquat,BLOCKED,BLOCKED,yes,existence:BLOCKED:Package 'trov-eclassifiers' not found in PYPI registry.,
botocre,pypi,typosquat,BLOCKED,BLOCKED,yes,existence:BLOCKED:Package 'botocre' not found in PYPI registry.,
aiohappyeyebalsl,pypi,typosquat,BLOCKED,BLOCKED,yes,existence:BLOCKED:Package 'aiohappyeyebalsl' not found in PYPI registry.,
ppython-dotenv,pypi,typosquat,BLOCKED,BLOCKED,yes,existence:BLOCKED:Package 'ppython-dotenv' not found in PYPI registry.,
tzzdata,pypi,typosquat,BLOCKED,BLOCKED,yes,existence:BLOCKED:Package 'tzzdata' not found in PYPI registry.,
refernecing,pypi,typosquat,BLOCKED,BLOCKED,yes,existence:BLOCKED:Package 'refernecing' not found in PYPI registry.,
jonschema-specifications,pypi,typosquat,BLOCKED,BLOCKED,yes,existence:BLOCKED:Package 'jonschema-specifications' not found in PYPI registr,
charset-onrmalizer,pypi,typosquat,BLOCKED,BLOCKED,yes,existence:BLOCKED:Package 'charset-onrmalizer' not found in PYPI registry.,
setptools,pypi,typosquat,BLOCKED,BLOCKED,yes,existence:BLOCKED:Package 'setptools' not found in PYPI registry.,
referencinng,pypi,typosquat,BLOCKED,BLOCKED,yes,existence:BLOCKED:Package 'referencinng' not found in PYPI registry.,
fastapi-auth-helper-pro,pypi,hallucinated,BLOCKED,BLOCKED,yes,existence:BLOCKED:Package 'fastapi-auth-helper-pro' not found in PYPI registry,
django-supermodel,pypi,hallucinated,BLOCKED,BLOCKED,yes,existence:BLOCKED:Package 'django-supermodel' not found in PYPI registry.,
pydantic-schema-validator-plus,pypi,hallucinated,BLOCKED,BLOCKED,yes,existence:BLOCKED:Package 'pydantic-schema-validator-plus' not found in PYPI r,
requests-async-client,pypi,hallucinated,BLOCKED,BLOCKED,yes,existence:BLOCKED:Package 'requests-async-client' not found in PYPI registry.,
numpy-accelerate-gpu,pypi,hallucinated,BLOCKED,BLOCKED,yes,existence:BLOCKED:Package 'numpy-accelerate-gpu' not found in PYPI registry.,
sqlalchemy-smart-orm,pypi,hallucinated,BLOCKED,BLOCKED,yes,existence:BLOCKED:Package 'sqlalchemy-smart-orm' not found in PYPI registry.,
flask-restplus-extended,pypi,hallucinated,BLOCKED,BLOCKED,yes,existence:BLOCKED:Package 'flask-restplus-extended' not found in PYPI registry,
torch-model-utils,pypi,hallucinated,BLOCKED,BLOCKED,yes,existence:BLOCKED:Package 'torch-model-utils' not found in PYPI registry.,
pandas-ai-agent,pypi,hallucinated,BLOCKED,BLOCKED,yes,existence:BLOCKED:Package 'pandas-ai-agent' not found in PYPI registry.,
langchain-vector-store-pro,pypi,hallucinated,BLOCKED,BLOCKED,yes,existence:BLOCKED:Package 'langchain-vector-store-pro' not found in PYPI regis,
cryptography-fips-adapter,pypi,hallucinated,BLOCKED,BLOCKED,yes,existence:BLOCKED:Package 'cryptography-fips-adapter' not found in PYPI regist,
pytest-ai-fixtures,pypi,hallucinated,BLOCKED,BLOCKED,yes,existence:BLOCKED:Package 'pytest-ai-fixtures' not found in PYPI registry.,
click-rich-formatter,pypi,hallucinated,BLOCKED,BLOCKED,yes,existence:BLOCKED:Package 'click-rich-formatter' not found in PYPI registry.,
httpx-retry-middleware,pypi,hallucinated,BLOCKED,BLOCKED,yes,existence:BLOCKED:Package 'httpx-retry-middleware' not found in PYPI registry.,
celery-task-scheduler-pro,pypi,hallucinated,BLOCKED,BLOCKED,yes,existence:BLOCKED:Package 'celery-task-scheduler-pro' not found in PYPI regist,
